<?xml version="1.0" encoding="UTF-8"?>
 
<!DOCTYPE mapper PUBLIC "-//mybatis.org//DTD Mapper 3.0//EN" "http://mybatis.org/dtd/mybatis-3-mapper.dtd">
<mapper namespace="dev.mvc.emcate.EmcateDAOInter"> <!-- SB가 자동으로 구현하여 연동하는 interface -->
  <insert id="create" parameterType="dev.mvc.emcate.EmcateVO">
    INSERT INTO emcate(emcateno, genre, name, cnt, seqno, visible, rdate) 
    VALUES(emcate_seq.nextval, #{genre}, #{name}, 0, #{seqno}, #{visible}, sysdate)
  </insert>
  
  <!-- SQL -> EmcateVO 객체 레코드 수 만큼 생성 -> ArrayList<emcateVO> 객체 생성되어 EmcateDAOInter로 리턴  -->
  <!-- <select id="list_all" resultType="dev.mvc.emcate.EmcateVO">
    SELECT emcateno, genre, name, cnt, seqno, visible, rdate 
    FROM emcate 
    ORDER BY emcateno ASC
  </select> -->

  <!-- SQL -> EmcateVO 객체 레코드 수 만큼 생성 -> ArrayList<emcateVO> 객체 생성되어 EmcateDAOInter로 리턴  -->
  <select id="read" resultType="dev.mvc.emcate.EmcateVO" parameterType="Integer">
    SELECT emcateno, genre, name, cnt, seqno, visible, rdate 
    FROM emcate 
    WHERE emcateno=#{emcateno}
  </select>
  
  <!-- 처리 결과: 처리된 레코드 갯수 -->
  <update id="update" parameterType="dev.mvc.emcate.EmcateVO">
    UPDATE emcate 
    SET genre=#{genre}, name=#{name}, cnt=#{cnt}, seqno=#{seqno}, visible=#{visible}, rdate=sysdate 
    WHERE emcateno=#{emcateno}
  </update>  
  
  <delete id="delete" parameterType="int">
    DELETE FROM emcate WHERE emcateno=#{emcateno}
  </delete>

  <!-- 우선 순위 높임, 10 등 -> 1 등 -->
  <update id="update_seqno_forward" parameterType="Integer">
    UPDATE emcate SET seqno=seqno-1
    WHERE emcateno=#{emcateno}
  </update>
  
  <!-- 우선 순위 낮춤, 1 등 -> 10 등 -->
  <update id="update_seqno_backward" parameterType="Integer">
    UPDATE emcate SET seqno=seqno+1
    WHERE emcateno=#{emcateno}
  </update>

  <!-- 정렬 순서 변경 
       SQL -> EmcateVO 객체 레코드 수 만큼 생성 -> ArrayList<emcateVO> 객체 생성되어 CateDAOInter로 리턴  -->
  <select id="list_all" resultType="dev.mvc.emcate.EmcateVO">
    SELECT emcateno, genre, name, cnt, seqno, visible, rdate 
    FROM emcate 
    ORDER BY seqno ASC
  </select>
  
  <!-- 카테고리 공개 설정 -->
  <update id="update_visible_y" parameterType="Integer">
    UPDATE emcate SET visible='Y' WHERE emcateno=#{emcateno}
  </update>
  
  <!-- 카테고리 비공개 설정 -->
  <update id="update_visible_n" parameterType="Integer">
    UPDATE emcate SET visible='N' WHERE emcateno=#{emcateno}
  </update>
  
  <!-- 숨긴 '카테고리 그룹'을 제외하고 접속자에게 공개할 '카테고리 그룹' 출력 -->
  <select id="list_all_emcategrp_y" resultType="dev.mvc.emcate.EmcateVO">
    SELECT emcateno, genre, name, cnt, seqno, visible, rdate
    FROM emcate
    WHERE name='--' AND visible='Y'
    ORDER BY seqno ASC
  </select>
  
  <!-- 특정 장르에 속하면서,
       숨긴 '카테고리를 제외하고 접속자에게 공개할 '카테고리' 출력 -->
  <select id="list_all_emcate_y" resultType="dev.mvc.emcate.EmcateVO" parameterType="String">
    SELECT emcateno, genre, name, cnt, seqno, visible, rdate
    FROM emcate
    WHERE name!='--' AND visible='Y' AND genre=#{genre}
    ORDER BY seqno ASC
  </select>
  
  <!-- 장르 목록 -->
  <select id="genreset" resultType="String">
    SELECT genre FROM emcate WHERE name = '--' ORDER BY seqno ASC
  </select>
  
  <!-- 정렬 순서 변경
        SQL -> EmcateVO 객체 레코드 수 만큼 생성 -> ArrayList<emcateVO> 객체가 생성되어 EmcateDAOInter로 리턴  -->
  <select id="list_search" resultType="dev.mvc.emcate.EmcateVO" parameterType="String">
    SELECT emcateno, genre, name, cnt, seqno, visible, rdate
    FROM emcate
    <if test="word != null and word != ''"> <!-- 검색 상태라면 WHERE 생성 -->
      WHERE (UPPER(genre) LIKE '%' || UPPER(#{word}) || '%') 
      OR (UPPER(name) LIKE '%' || UPPER(#{word}) || '%')
    </if> 
    ORDER BY seqno ASC
  </select>
  
  <!-- 검색 갯수 -->
  <select id="list_search_count" resultType="Integer" parameterType="String">
    SELECT COUNT(*) as cnt
    FROM emcate 
    <if test="word != null and word != ''"> <!-- 검색 상태 WHERE 생성 -->
    WHERE (UPPER(genre) LIKE '%' || UPPER(#{word}) || '%')
          OR (UPPER(name) LIKE '%' || UPPER(#{word}) || '%')
    </if>
    ORDER BY seqno ASC
  </select>
  
  <!-- 검색 + 페이징 -->
  <select id="list_search_paging" resultType="dev.mvc.emcate.EmcateVO" parameterType="Map">
    SELECT emcateno, genre, name, cnt, seqno, visible, rdate, r
    FROM(
      SELECT emcateno, genre, name, cnt, seqno, visible, rdate, rownum as r
      FROM(
          SELECT emcateno, genre, name, cnt, seqno, visible, rdate
          FROM emcate
          WHERE UPPER(genre) LIKE '%' || UPPER(#{word}) || '%' OR UPPER(name) LIKE '%' || UPPER(#{word}) || '%'
          ORDER BY seqno ASC
      )
    )
    WHERE r &gt;= #{start_num} AND r &lt;= #{end_num}
  </select>
  
  <!-- 자료수 산출 -->
  <select id="cntcount" parameterType="int" resultType="int">
    SELECT COUNT(*) 
    FROM emotions 
    WHERE EMCATENO = #{emcateno}
  </select>

</mapper>










