<?xml version="1.0" encoding="UTF-8"?>
<!DOCTYPE mapper PUBLIC "-//mybatis.org//DTD Mapper 3.0//EN" "http://mybatis.org/dtd/mybatis-3-mapper.dtd">
<!-- SB가 자동으로 구현하여 연동하는 interface -->
<mapper namespace="dev.mvc.member.MemberDAOInter"> <!-- SB가 자동으로 구현하여 연동하는 interface -->
  <select id="checkID" resultType="int" parameterType="String">
    SELECT COUNT(id) as cnt
    FROM member
    WHERE id=#{id}
  </select>
  
  <insert id="create" parameterType="dev.mvc.member.MemberVO">
    INSERT INTO member(memberno, id, passwd, mname, tel, zipcode, address1, address2, mdate, grade)
    VALUES (member_seq.nextval, #{id}, #{passwd}, #{mname}, #{tel}, #{zipcode}, 
                 #{address1}, #{address2}, sysdate, #{grade})
  </insert>

  <select id="list" resultType="dev.mvc.member.MemberVO">
    SELECT memberno, id, passwd, mname, tel, zipcode, address1, address2, mdate, grade
    FROM member
    ORDER BY grade ASC, id ASC
  </select>
  
  <!-- memberno로 회원 정보 조회 -->
  <select id="read" resultType="dev.mvc.member.MemberVO" parameterType="int">
    SELECT memberno, id, passwd, mname, tel, zipcode, address1, address2, mdate, grade
    FROM member
    WHERE memberno = #{memberno}
  </select>  

  <!-- id(이메일)로 회원 정보 조회 -->
  <select id="readById" resultType="dev.mvc.member.MemberVO" parameterType="String">
    SELECT memberno, id, passwd, mname, tel, zipcode, address1, address2, mdate, grade
    FROM member
    WHERE id = #{id}
  </select>
  
  <update id="update" parameterType="dev.mvc.member.MemberVO">
    UPDATE member 
    SET mname=#{mname}, tel=#{tel}, zipcode=#{zipcode}, address1=#{address1}, address2=#{address2}
    WHERE memberno=#{memberno}
  </update>
  
  <delete id="delete" parameterType="int">
    DELETE FROM member
    WHERE memberno=#{memberno}
  </delete>

  <!-- 로그인, 1: 로그인 처리, 0: 메시지 출력 -->
  <select id="login" resultType="int" parameterType="HashMap">
    SELECT COUNT(memberno) as cnt
    FROM member
    WHERE id=#{id} AND passwd=#{passwd}
  </select>
  
  <!--  현재 패스워드 검사 -->
  <select id="passwd_check" parameterType="HashMap" resultType="int">
    SELECT COUNT(memberno) as cnt
    FROM member
    WHERE memberno=#{memberno} AND passwd=#{passwd}
  </select>
   
  <!-- 패스워드 변경 -->
  <update id="passwd_update" parameterType="HashMap">
    UPDATE member
    SET passwd=#{passwd}
    WHERE memberno=#{memberno}
  </update>
  
</mapper>
